qid,doc_id
q_025ed27ba2,d_48b105390f
q_025ed27ba2,d_61e313b506
q_025ed27ba2,d_fac20a2a71
q_025ed27ba2,d_864ea6a455
q_025ed27ba2,d_58f5048e9c
q_0288552f11,d_c6069f8aaf
q_0288552f11,d_d68f4ab7ea
q_0288552f11,d_70e37b97b5
q_0288552f11,d_a3ea97ebfc
q_0288552f11,d_0e189b18aa
q_0347af23fe,d_089dba84fa
q_0347af23fe,d_eb1e8c0b16
q_0347af23fe,d_da27422935
q_0347af23fe,d_4dfa4ed962
q_0347af23fe,d_327a0b5456
q_034c2e8f47,d_8fbf57d7ce
q_034c2e8f47,d_58f5048e9c
q_034c2e8f47,d_61c2d77c65
q_034c2e8f47,d_0216234592
q_034c2e8f47,d_e96752e1fe
q_03be441477,d_cc4fd16867
q_03be441477,d_6c4d07449c
q_03be441477,d_4e77c29dc6
q_03be441477,d_4d31bd4af0
q_03be441477,d_c43cad7282
q_03faf12b40,d_58f5048e9c
q_03faf12b40,d_8fbf57d7ce
q_03faf12b40,d_61c2d77c65
q_03faf12b40,d_8a5468809e
q_03faf12b40,d_0216234592
q_05edc68628,d_089dba84fa
q_05edc68628,d_eb1e8c0b16
q_05edc68628,d_8357734cfe
q_05edc68628,d_ede31c25ba
q_05edc68628,d_da27422935
q_066ebd54a6,d_6d053161ab
q_066ebd54a6,d_4e8802e636
q_066ebd54a6,d_6fb615c97a
q_066ebd54a6,d_f4be1821de
q_066ebd54a6,d_66ca9ede7e
q_06cbcfcde5,d_34971d5c95
q_06cbcfcde5,d_104c8f7c08
q_06cbcfcde5,d_584584141d
q_06cbcfcde5,d_eea187fa40
q_06cbcfcde5,d_a419174c33
q_078fa1d1a0,d_08a83ffb98
q_078fa1d1a0,d_8df79c0571
q_078fa1d1a0,d_25550ee314
q_078fa1d1a0,d_fb0f7e9797
q_078fa1d1a0,d_48b105390f
q_087fa5c68f,d_96ddd2839e
q_087fa5c68f,d_58f5048e9c
q_087fa5c68f,d_61c2d77c65
q_087fa5c68f,d_2c14115663
q_087fa5c68f,d_874e7445b2
q_08d282ae8a,d_2a93df0cd3
q_08d282ae8a,d_84772ae936
q_08d282ae8a,d_2f76a499e0
q_08d282ae8a,d_78a1f6f34e
q_08d282ae8a,d_2696b56a1c
q_0ae91fb16f,d_e8a3e8a9f6
q_0ae91fb16f,d_c10a29351e
q_0ae91fb16f,d_c965cc1c03
q_0ae91fb16f,d_cc4fd16867
q_0ae91fb16f,d_6c8b749b65
q_0b29ad1bb2,d_eb1e8c0b16
q_0b29ad1bb2,d_2d7e346926
q_0b29ad1bb2,d_04ba7f2e18
q_0b29ad1bb2,d_c43cad7282
q_0b29ad1bb2,d_b25f50310e
q_0bf106d6fa,d_7738d86d5c
q_0bf106d6fa,d_164ac15d17
q_0bf106d6fa,d_956682cc66
q_0bf106d6fa,d_f8b2945e8d
q_0bf106d6fa,d_c8ea5907a4
q_0cb2bd3aae,d_8df79c0571
q_0cb2bd3aae,d_8242b4ea41
q_0cb2bd3aae,d_c6069f8aaf
q_0cb2bd3aae,d_25550ee314
q_0cb2bd3aae,d_177212b4b9
q_0cee3fd79f,d_ce94f32ecd
q_0cee3fd79f,d_39fd780536
q_0cee3fd79f,d_f5d1f4d96b
q_0cee3fd79f,d_3d8e1ad86f
q_0cee3fd79f,d_2d7e346926
q_0d182dc898,d_c24c04ae45
q_0d182dc898,d_a9a59816ed
q_0d182dc898,d_4a9981e720
q_0d182dc898,d_1f74238452
q_0d182dc898,d_4d31bd4af0
q_0d5ce67953,d_2a93df0cd3
q_0d5ce67953,d_b74758c0fc
q_0d5ce67953,d_8df79c0571
q_0d5ce67953,d_10a96e4ee5
q_0d5ce67953,d_7f3cc579a7
q_0d82c01428,d_40fbbf0fca
q_0d82c01428,d_7ca81d60bb
q_0d82c01428,d_5e801f8663
q_0d82c01428,d_fba8d61ef9
q_0d82c01428,d_68644240fa
q_0dcf742359,d_b2f62b4d48
q_0dcf742359,d_67a9ff3a20
q_0dcf742359,d_384357bef5
q_0dcf742359,d_249622c773
q_0dcf742359,d_30bcc6c53e
q_0dde17b893,d_66ca9ede7e
q_0dde17b893,d_f8b2945e8d
q_0dde17b893,d_0216234592
q_0dde17b893,d_d58bcac2e4
q_0dde17b893,d_dec756449e
q_0df30eede4,d_08a83ffb98
q_0df30eede4,d_c6069f8aaf
q_0df30eede4,d_b5693161c2
q_0df30eede4,d_70e37b97b5
q_0df30eede4,d_67a9ff3a20
q_0e76614022,d_eb1e8c0b16
q_0e76614022,d_da27422935
q_0e76614022,d_7738d86d5c
q_0e76614022,d_b046507ab6
q_0e76614022,d_089dba84fa
q_0f12d27e0e,d_58f5048e9c
q_0f12d27e0e,d_61c2d77c65
q_0f12d27e0e,d_0216234592
q_0f12d27e0e,d_8a5468809e
q_0f12d27e0e,d_8fbf57d7ce
q_1076881f91,d_3d8e1ad86f
q_1076881f91,d_2d7e346926
q_1076881f91,d_39fd780536
q_1076881f91,d_ce94f32ecd
q_1076881f91,d_9697d8c629
q_10b66f5565,d_f8b2945e8d
q_10b66f5565,d_721df03545
q_10b66f5565,d_af7e1ac3a5
q_10b66f5565,d_d58bcac2e4
q_10b66f5565,d_164ac15d17
q_114e77e231,d_f687b4ecee
q_114e77e231,d_38f04ea58d
q_114e77e231,d_46e687baa4
q_114e77e231,d_f04703dac6
q_114e77e231,d_d024166acd
q_11a1ad442c,d_f5245eda62
q_11a1ad442c,d_aee4be7cac
q_11a1ad442c,d_61586847b7
q_11a1ad442c,d_f8787907b3
q_11a1ad442c,d_c6069f8aaf
q_11cec78e04,d_d85afb9609
q_11cec78e04,d_20bb12859e
q_11cec78e04,d_fb0f7e9797
q_11cec78e04,d_61e313b506
q_11cec78e04,d_ede31c25ba
q_1247d7e4e6,d_fac20a2a71
q_1247d7e4e6,d_c6069f8aaf
q_1247d7e4e6,d_d68f4ab7ea
q_1247d7e4e6,d_2492468540
q_1247d7e4e6,d_e8a3e8a9f6
q_12de5a0e38,d_84772ae936
q_12de5a0e38,d_2f76a499e0
q_12de5a0e38,d_2a93df0cd3
q_12de5a0e38,d_d0b30d09b3
q_12de5a0e38,d_f8b2945e8d
q_13bd635313,d_27974a67a7
q_13bd635313,d_34971d5c95
q_13bd635313,d_ce94f32ecd
q_13bd635313,d_aacde75c02
q_13bd635313,d_8df79c0571
q_15648dae59,d_7ca81d60bb
q_15648dae59,d_68874c6ad6
q_15648dae59,d_8b90552773
q_15648dae59,d_2696b56a1c
q_15648dae59,d_f8b2945e8d
q_160052b11e,d_089dba84fa
q_160052b11e,d_eb1e8c0b16
q_160052b11e,d_70e37b97b5
q_160052b11e,d_e8a3e8a9f6
q_160052b11e,d_c10a29351e
q_1714986a62,d_68874c6ad6
q_1714986a62,d_721df03545
q_1714986a62,d_f5d1f4d96b
q_1714986a62,d_f8b2945e8d
q_1714986a62,d_7ca81d60bb
q_17190c5f7e,d_2e1da709f9
q_17190c5f7e,d_7f3cc579a7
q_17190c5f7e,d_8df79c0571
q_17190c5f7e,d_27974a67a7
q_17190c5f7e,d_c10a29351e
q_173759a977,d_647812641b
q_173759a977,d_6c8b749b65
q_173759a977,d_f8787907b3
q_173759a977,d_e8a3e8a9f6
q_173759a977,d_de01daec14
q_17c1812428,d_eb1e8c0b16
q_17c1812428,d_8c0aaf2600
q_17c1812428,d_089dba84fa
q_17c1812428,d_52877a9590
q_17c1812428,d_aacde75c02
q_1816b6be07,d_c6069f8aaf
q_1816b6be07,d_d68f4ab7ea
q_1816b6be07,d_6c8b749b65
q_1816b6be07,d_0e189b18aa
q_1816b6be07,d_b2f62b4d48
q_186d3671f0,d_cc4fd16867
q_186d3671f0,d_e8a3e8a9f6
q_186d3671f0,d_30bcc6c53e
q_186d3671f0,d_168537aacb
q_186d3671f0,d_0e189b18aa
q_198c1095e2,d_70e37b97b5
q_198c1095e2,d_6c8b749b65
q_198c1095e2,d_0e189b18aa
q_198c1095e2,d_d68f4ab7ea
q_198c1095e2,d_c6069f8aaf
q_19cabbfbec,d_721df03545
q_19cabbfbec,d_f8b2945e8d
q_19cabbfbec,d_2696b56a1c
q_19cabbfbec,d_d58bcac2e4
q_19cabbfbec,d_164ac15d17
q_1a2c09b86b,d_38f04ea58d
q_1a2c09b86b,d_46e687baa4
q_1a2c09b86b,d_f04703dac6
q_1a2c09b86b,d_f687b4ecee
q_1a2c09b86b,d_6271360f48
q_1a6c7077cb,d_b5693161c2
q_1a6c7077cb,d_fb0f7e9797
q_1a6c7077cb,d_6c8b749b65
q_1a6c7077cb,d_e8a3e8a9f6
q_1a6c7077cb,d_647812641b
q_1a760b40d2,d_feb3b27190
q_1a760b40d2,d_c965cc1c03
q_1a760b40d2,d_384357bef5
q_1a760b40d2,d_aee4be7cac
q_1a760b40d2,d_8357734cfe
q_1b6772abdc,d_8b90552773
q_1b6772abdc,d_d58bcac2e4
q_1b6772abdc,d_721df03545
q_1b6772abdc,d_4754c12753
q_1b6772abdc,d_f8b2945e8d
q_1c15b70ec7,d_b25f50310e
q_1c15b70ec7,d_4e77c29dc6
q_1c15b70ec7,d_1f74238452
q_1c15b70ec7,d_4a9981e720
q_1c15b70ec7,d_531c852674
q_1c3d2bac8c,d_9697d8c629
q_1c3d2bac8c,d_39fd780536
q_1c3d2bac8c,d_ce94f32ecd
q_1c3d2bac8c,d_3d8e1ad86f
q_1c3d2bac8c,d_10c30d1a6c
q_1c5ddf3895,d_48b105390f
q_1c5ddf3895,d_61e313b506
q_1c5ddf3895,d_d68f4ab7ea
q_1c5ddf3895,d_c43cad7282
q_1c5ddf3895,d_3837ffb996
q_1ee7b9a876,d_f786a55c3e
q_1ee7b9a876,d_27974a67a7
q_1ee7b9a876,d_177212b4b9
q_1ee7b9a876,d_083198d02d
q_1ee7b9a876,d_f5245eda62
q_209985e8e1,d_fba8d61ef9
q_209985e8e1,d_4754c12753
q_209985e8e1,d_40fbbf0fca
q_209985e8e1,d_66ca9ede7e
q_209985e8e1,d_164ac15d17
q_20ee51e9ac,d_04ba7f2e18
q_20ee51e9ac,d_6c4d07449c
q_20ee51e9ac,d_531c852674
q_20ee51e9ac,d_c43cad7282
q_20ee51e9ac,d_cc4fd16867
q_22e564a26d,d_d85afb9609
q_22e564a26d,d_e96752e1fe
q_22e564a26d,d_8fbf57d7ce
q_22e564a26d,d_b33fcee2c6
q_22e564a26d,d_721df03545
q_236a4cda67,d_0e189b18aa
q_236a4cda67,d_1cce586885
q_236a4cda67,d_f8787907b3
q_236a4cda67,d_384357bef5
q_236a4cda67,d_249622c773
q_23ad0d9fc8,d_4830ff4c3b
q_23ad0d9fc8,d_7606b52185
q_23ad0d9fc8,d_1bf29134f0
q_23ad0d9fc8,d_236fa90284
q_23ad0d9fc8,d_26d89e83ca
q_24adb29200,d_0216234592
q_24adb29200,d_58f5048e9c
q_24adb29200,d_8357734cfe
q_24adb29200,d_61c2d77c65
q_24adb29200,d_8fbf57d7ce
q_2506cd385e,d_48fa1cfb1b
q_2506cd385e,d_20bb12859e
q_2506cd385e,d_a060a0b568
q_2506cd385e,d_a3ea97ebfc
q_2506cd385e,d_27974a67a7
q_251740d870,d_6c8b749b65
q_251740d870,d_a060a0b568
q_251740d870,d_ba14b433ab
q_251740d870,d_61e313b506
q_251740d870,d_67a9ff3a20
q_25b8a7a444,d_4d31bd4af0
q_25b8a7a444,d_4e77c29dc6
q_25b8a7a444,d_4a9981e720
q_25b8a7a444,d_c24c04ae45
q_25b8a7a444,d_1f74238452
q_25fd73f4ec,d_38f04ea58d
q_25fd73f4ec,d_46e687baa4
q_25fd73f4ec,d_f04703dac6
q_25fd73f4ec,d_7ebe65fe6b
q_25fd73f4ec,d_69e7c5a79c
q_262118b063,d_f8b2945e8d
q_262118b063,d_10a96e4ee5
q_262118b063,d_249072edf1
q_262118b063,d_96ddd2839e
q_262118b063,d_fba8d61ef9
q_269749e941,d_f8b2945e8d
q_269749e941,d_721df03545
q_269749e941,d_d58bcac2e4
q_269749e941,d_2696b56a1c
q_269749e941,d_7ca81d60bb
q_2800ddd9fe,d_3429a1a6eb
q_2800ddd9fe,d_0e189b18aa
q_2800ddd9fe,d_dd8bca0bb0
q_2800ddd9fe,d_3b103df4b8
q_2800ddd9fe,d_2827d40fb0
q_292a6cfd59,d_435d80eff0
q_292a6cfd59,d_b25f50310e
q_292a6cfd59,d_2492468540
q_292a6cfd59,d_feb3b27190
q_292a6cfd59,d_1cce586885
q_2930c90f77,d_d85afb9609
q_2930c90f77,d_58f5048e9c
q_2930c90f77,d_e96752e1fe
q_2930c90f77,d_8a5468809e
q_2930c90f77,d_998d99a4b7
q_2986de26fe,d_eb1e8c0b16
q_2986de26fe,d_089dba84fa
q_2986de26fe,d_a39559a85e
q_2986de26fe,d_58f5048e9c
q_2986de26fe,d_fc984e20de
q_29e278a340,d_098f341e47
q_29e278a340,d_b29bd3c757
q_29e278a340,d_622d84bfd4
q_29e278a340,d_0489a2a811
q_29e278a340,d_fe79ac9d04
q_29fb5c7188,d_3aab1988d6
q_29fb5c7188,d_3cbe8203c0
q_29fb5c7188,d_e23e750c11
q_29fb5c7188,d_c054bdf5f6
q_29fb5c7188,d_ec6dba6435
q_2bbc27c84b,d_48b105390f
q_2bbc27c84b,d_61e313b506
q_2bbc27c84b,d_d68f4ab7ea
q_2bbc27c84b,d_b25f50310e
q_2bbc27c84b,d_aee4be7cac
q_2e635ab8da,d_2d7a6ab2bc
q_2e635ab8da,d_1bf29134f0
q_2e635ab8da,d_236fa90284
q_2e635ab8da,d_1e54063a4b
q_2e635ab8da,d_7b77187e3b
q_2e6f881b66,d_721df03545
q_2e6f881b66,d_f8b2945e8d
q_2e6f881b66,d_2696b56a1c
q_2e6f881b66,d_f5d1f4d96b
q_2e6f881b66,d_d58bcac2e4
q_2e74c773a0,d_dec756449e
q_2e74c773a0,d_5e801f8663
q_2e74c773a0,d_fba8d61ef9
q_2e74c773a0,d_8b90552773
q_2e74c773a0,d_dd87e5ff2d
q_2ee1b0df1c,d_d85afb9609
q_2ee1b0df1c,d_e96752e1fe
q_2ee1b0df1c,d_c08928b4cc
q_2ee1b0df1c,d_8a5468809e
q_2ee1b0df1c,d_8fbf57d7ce
q_300cf43c72,d_c43cad7282
q_300cf43c72,d_531c852674
q_300cf43c72,d_2c14115663
q_300cf43c72,d_2827d40fb0
q_300cf43c72,d_1e525dd61f
q_302f62e0e1,d_289c761157
q_302f62e0e1,d_20bb12859e
q_302f62e0e1,d_3429a1a6eb
q_302f62e0e1,d_fe79ac9d04
q_302f62e0e1,d_8a5468809e
q_311c05d8ee,d_c8ea5907a4
q_311c05d8ee,d_4e8802e636
q_311c05d8ee,d_6c8b749b65
q_311c05d8ee,d_3d8e1ad86f
q_311c05d8ee,d_164ac15d17
q_314222c925,d_6c8b749b65
q_314222c925,d_c6069f8aaf
q_314222c925,d_d68f4ab7ea
q_314222c925,d_fb0f7e9797
q_314222c925,d_27974a67a7
q_31aac1cbee,d_61586847b7
q_31aac1cbee,d_0e189b18aa
q_31aac1cbee,d_cc4fd16867
q_31aac1cbee,d_08a83ffb98
q_31aac1cbee,d_aee4be7cac
q_3273b27903,d_48b105390f
q_3273b27903,d_61e313b506
q_3273b27903,d_cc4fd16867
q_3273b27903,d_435d80eff0
q_3273b27903,d_6c4d07449c
q_33ef441f19,d_04ba7f2e18
q_33ef441f19,d_531c852674
q_33ef441f19,d_4e77c29dc6
q_33ef441f19,d_1f74238452
q_33ef441f19,d_cc4fd16867
q_34740c1779,d_8242b4ea41
q_34740c1779,d_e8a3e8a9f6
q_34740c1779,d_346e3b3d50
q_34740c1779,d_a3ea97ebfc
q_34740c1779,d_249622c773
q_3565c64453,d_48b105390f
q_3565c64453,d_61e313b506
q_3565c64453,d_58f5048e9c
q_3565c64453,d_fac20a2a71
q_3565c64453,d_4e77c29dc6
q_365507011a,d_721df03545
q_365507011a,d_80dfac9545
q_365507011a,d_40fbbf0fca
q_365507011a,d_68644240fa
q_365507011a,d_f8b2945e8d
q_3719bfd16f,d_4a9981e720
q_3719bfd16f,d_b25f50310e
q_3719bfd16f,d_48fa1cfb1b
q_3719bfd16f,d_842b2d8316
q_3719bfd16f,d_bd701e0a3d
q_39e62e770c,d_93f6096945
q_39e62e770c,d_8242b4ea41
q_39e62e770c,d_e8a3e8a9f6
q_39e62e770c,d_346e3b3d50
q_39e62e770c,d_f786a55c3e
q_39e6fe2b6b,d_5e801f8663
q_39e6fe2b6b,d_40fbbf0fca
q_39e6fe2b6b,d_8b90552773
q_39e6fe2b6b,d_f8b2945e8d
q_39e6fe2b6b,d_721df03545
q_39f8ebaa7c,d_96ddd2839e
q_39f8ebaa7c,d_4e8802e636
q_39f8ebaa7c,d_f7409819ca
q_39f8ebaa7c,d_c8ea5907a4
q_39f8ebaa7c,d_af7e1ac3a5
q_3a7f950d91,d_7ca81d60bb
q_3a7f950d91,d_f8b2945e8d
q_3a7f950d91,d_d58bcac2e4
q_3a7f950d91,d_8b90552773
q_3a7f950d91,d_68644240fa
q_3a8c24dde2,d_d85afb9609
q_3a8c24dde2,d_8a5468809e
q_3a8c24dde2,d_e96752e1fe
q_3a8c24dde2,d_58f5048e9c
q_3a8c24dde2,d_998d99a4b7
q_3c1b171aaf,d_c965cc1c03
q_3c1b171aaf,d_feb3b27190
q_3c1b171aaf,d_93f6096945
q_3c1b171aaf,d_61586847b7
q_3c1b171aaf,d_d68f4ab7ea
q_3ca3a327a1,d_8357734cfe
q_3ca3a327a1,d_48b105390f
q_3ca3a327a1,d_cc4fd16867
q_3ca3a327a1,d_aee4be7cac
q_3ca3a327a1,d_a9a59816ed
q_3cbf12b258,d_a3ea97ebfc
q_3cbf12b258,d_d68f4ab7ea
q_3cbf12b258,d_c6069f8aaf
q_3cbf12b258,d_6c8b749b65
q_3cbf12b258,d_249622c773
q_3dbbecaa18,d_0e189b18aa
q_3dbbecaa18,d_70e37b97b5
q_3dbbecaa18,d_aee4be7cac
q_3dbbecaa18,d_b2f62b4d48
q_3dbbecaa18,d_f5245eda62
q_3e680f9829,d_27974a67a7
q_3e680f9829,d_6c8b749b65
q_3e680f9829,d_d68f4ab7ea
q_3e680f9829,d_b2f62b4d48
q_3e680f9829,d_c6069f8aaf
q_400ea36015,d_3d8e1ad86f
q_400ea36015,d_9697d8c629
q_400ea36015,d_39fd780536
q_400ea36015,d_ce94f32ecd
q_400ea36015,d_2d7e346926
q_403f54a7ca,d_27974a67a7
q_403f54a7ca,d_d68f4ab7ea
q_403f54a7ca,d_fb0f7e9797
q_403f54a7ca,d_6c8b749b65
q_403f54a7ca,d_de01daec14
q_4044c42021,d_58f5048e9c
q_4044c42021,d_8c0aaf2600
q_4044c42021,d_0216234592
q_4044c42021,d_fac20a2a71
q_4044c42021,d_d68f4ab7ea
q_40ea68b6ed,d_10c30d1a6c
q_40ea68b6ed,d_2d7e346926
q_40ea68b6ed,d_9697d8c629
q_40ea68b6ed,d_c43cad7282
q_40ea68b6ed,d_531c852674
q_41cebe5bde,d_d0b30d09b3
q_41cebe5bde,d_2a93df0cd3
q_41cebe5bde,d_0ef309c085
q_41cebe5bde,d_68874c6ad6
q_41cebe5bde,d_3d2e6d4fc4
q_428df6ea3d,d_3429a1a6eb
q_428df6ea3d,d_6c4d07449c
q_428df6ea3d,d_3837ffb996
q_428df6ea3d,d_615ceb0fcb
q_428df6ea3d,d_d68f4ab7ea
q_43570439a0,d_4a9981e720
q_43570439a0,d_48b105390f
q_43570439a0,d_6c4d07449c
q_43570439a0,d_a9a59816ed
q_43570439a0,d_21e0ba1f08
q_45509ce6a1,d_48fa1cfb1b
q_45509ce6a1,d_20bb12859e
q_45509ce6a1,d_de01daec14
q_45509ce6a1,d_10c30d1a6c
q_45509ce6a1,d_6c8b749b65
q_45b6f36f87,d_de01daec14
q_45b6f36f87,d_cc4fd16867
q_45b6f36f87,d_25550ee314
q_45b6f36f87,d_6c8b749b65
q_45b6f36f87,d_647812641b
q_463426eeb0,d_8a4c11ed74
q_463426eeb0,d_826ecc95c6
q_463426eeb0,d_eea187fa40
q_463426eeb0,d_48f9172a14
q_463426eeb0,d_b9c02c51e7
q_4665ccaf63,d_f687b4ecee
q_4665ccaf63,d_d024166acd
q_4665ccaf63,d_f52abe54f3
q_4665ccaf63,d_aacde75c02
q_4665ccaf63,d_4dfa4ed962
q_46fc2a1fbf,d_04962ca9ed
q_46fc2a1fbf,d_8c0aaf2600
q_46fc2a1fbf,d_6b1d2d1545
q_46fc2a1fbf,d_24d4075c2d
q_46fc2a1fbf,d_ffde001b87
q_470d839b96,d_f8b2945e8d
q_470d839b96,d_7ca81d60bb
q_470d839b96,d_7e1a3c53df
q_470d839b96,d_68874c6ad6
q_470d839b96,d_68644240fa
q_47120080c9,d_439bec7aae
q_47120080c9,d_24d4075c2d
q_47120080c9,d_8c0aaf2600
q_47120080c9,d_249622c773
q_47120080c9,d_93f6096945
q_47336eef18,d_e8a3e8a9f6
q_47336eef18,d_8242b4ea41
q_47336eef18,d_346e3b3d50
q_47336eef18,d_384357bef5
q_47336eef18,d_2492468540
q_48aa62669d,d_e96752e1fe
q_48aa62669d,d_8a5468809e
q_48aa62669d,d_c08928b4cc
q_48aa62669d,d_998d99a4b7
q_48aa62669d,d_d85afb9609
q_492bba1a83,d_61e313b506
q_492bba1a83,d_a99e2c01f3
q_492bba1a83,d_48b105390f
q_492bba1a83,d_e8a3e8a9f6
q_492bba1a83,d_f8787907b3
q_49e43de410,d_eb1e8c0b16
q_49e43de410,d_089dba84fa
q_49e43de410,d_fd6cde9283
q_49e43de410,d_fc984e20de
q_49e43de410,d_3cbe8203c0
q_4a0a988c55,d_f8b2945e8d
q_4a0a988c55,d_721df03545
q_4a0a988c55,d_8b90552773
q_4a0a988c55,d_7e1a3c53df
q_4a0a988c55,d_40fbbf0fca
q_4ab777f507,d_8df79c0571
q_4ab777f507,d_27974a67a7
q_4ab777f507,d_b2f62b4d48
q_4ab777f507,d_8357734cfe
q_4ab777f507,d_3b12d1fbd6
q_4cba0b1561,d_74af7b613e
q_4cba0b1561,d_cc4fd16867
q_4cba0b1561,d_6c8b749b65
q_4cba0b1561,d_de01daec14
q_4cba0b1561,d_b5693161c2
q_4d37fd5723,d_cc4fd16867
q_4d37fd5723,d_04ba7f2e18
q_4d37fd5723,d_1f74238452
q_4d37fd5723,d_531c852674
q_4d37fd5723,d_6c4d07449c
q_4d4830826e,d_2696b56a1c
q_4d4830826e,d_721df03545
q_4d4830826e,d_7a75d1b6d8
q_4d4830826e,d_68874c6ad6
q_4d4830826e,d_61c2d77c65
q_4d73fca660,d_96ddd2839e
q_4d73fca660,d_dec756449e
q_4d73fca660,d_d58bcac2e4
q_4d73fca660,d_66ca9ede7e
q_4d73fca660,d_f5d1f4d96b
q_4e90ebf502,d_2696b56a1c
q_4e90ebf502,d_164ac15d17
q_4e90ebf502,d_f8b2945e8d
q_4e90ebf502,d_7e1a3c53df
q_4e90ebf502,d_87849c8689
q_4ed581103d,d_b2f62b4d48
q_4ed581103d,d_249622c773
q_4ed581103d,d_67a9ff3a20
q_4ed581103d,d_06ec9a20c4
q_4ed581103d,d_c10a29351e
q_4f4067a9a3,d_c43cad7282
q_4f4067a9a3,d_addeb51081
q_4f4067a9a3,d_c24c04ae45
q_4f4067a9a3,d_cc4fd16867
q_4f4067a9a3,d_874e7445b2
q_5024102ee0,d_8df79c0571
q_5024102ee0,d_9697d8c629
q_5024102ee0,d_4e77c29dc6
q_5024102ee0,d_1f74238452
q_5024102ee0,d_2e1da709f9
q_504a172e9f,d_61586847b7
q_504a172e9f,d_e8a3e8a9f6
q_504a172e9f,d_2492468540
q_504a172e9f,d_f5245eda62
q_504a172e9f,d_435d80eff0
q_5172abce3b,d_721df03545
q_5172abce3b,d_40fbbf0fca
q_5172abce3b,d_f8b2945e8d
q_5172abce3b,d_68874c6ad6
q_5172abce3b,d_2696b56a1c
q_51cd6a6fa3,d_8fbf57d7ce
q_51cd6a6fa3,d_615ceb0fcb
q_51cd6a6fa3,d_0216234592
q_51cd6a6fa3,d_58f5048e9c
q_51cd6a6fa3,d_addeb51081
q_53923fd5a6,d_dd87e5ff2d
q_53923fd5a6,d_5e801f8663
q_53923fd5a6,d_ce94f32ecd
q_53923fd5a6,d_87849c8689
q_53923fd5a6,d_fba8d61ef9
q_541a1a4d97,d_b33fcee2c6
q_541a1a4d97,d_d85afb9609
q_541a1a4d97,d_0216234592
q_541a1a4d97,d_c8ea5907a4
q_541a1a4d97,d_8a5468809e
q_549542ec55,d_67a9ff3a20
q_549542ec55,d_30bcc6c53e
q_549542ec55,d_b5693161c2
q_549542ec55,d_d85afb9609
q_549542ec55,d_de01daec14
q_55e544a16a,d_2f76a499e0
q_55e544a16a,d_84772ae936
q_55e544a16a,d_2a93df0cd3
q_55e544a16a,d_d0b30d09b3
q_55e544a16a,d_10a96e4ee5
q_55edb62ec7,d_d58bcac2e4
q_55edb62ec7,d_40fbbf0fca
q_55edb62ec7,d_4754c12753
q_55edb62ec7,d_68874c6ad6
q_55edb62ec7,d_721df03545
q_55f7725a2c,d_b25f50310e
q_55f7725a2c,d_083198d02d
q_55f7725a2c,d_8df79c0571
q_55f7725a2c,d_c965cc1c03
q_55f7725a2c,d_0a976dd018
q_564b07f4fe,d_e8a3e8a9f6
q_564b07f4fe,d_c10a29351e
q_564b07f4fe,d_c965cc1c03
q_564b07f4fe,d_c8ea5907a4
q_564b07f4fe,d_ba5ca18f99
q_586f5f11e8,d_eb1e8c0b16
q_586f5f11e8,d_089dba84fa
q_586f5f11e8,d_a39559a85e
q_586f5f11e8,d_3429a1a6eb
q_586f5f11e8,d_fc984e20de
q_589ca38a8f,d_39fd780536
q_589ca38a8f,d_10c30d1a6c
q_589ca38a8f,d_2eea1a7eec
q_589ca38a8f,d_2d7e346926
q_589ca38a8f,d_ce94f32ecd
q_591ed8b2ab,d_0e189b18aa
q_591ed8b2ab,d_08a83ffb98
q_591ed8b2ab,d_61586847b7
q_591ed8b2ab,d_aee4be7cac
q_591ed8b2ab,d_f8787907b3
q_5b7d3d1876,d_3aab1988d6
q_5b7d3d1876,d_24d4075c2d
q_5b7d3d1876,d_133dd38ad0
q_5b7d3d1876,d_25f9900ee0
q_5b7d3d1876,d_f58cc468ee
q_5e290d3845,d_10c30d1a6c
q_5e290d3845,d_ba14b433ab
q_5e290d3845,d_25550ee314
q_5e290d3845,d_cc4fd16867
q_5e290d3845,d_61e313b506
q_607cd54c2a,d_52877a9590
q_607cd54c2a,d_3953d4e782
q_607cd54c2a,d_4c46f69ee7
q_607cd54c2a,d_7606b52185
q_607cd54c2a,d_a2396e3241
q_619c4c5097,d_72fb6411f0
q_619c4c5097,d_ba5ca18f99
q_619c4c5097,d_3837ffb996
q_619c4c5097,d_c43cad7282
q_619c4c5097,d_10c30d1a6c
q_61d7d3efa5,d_c43cad7282
q_61d7d3efa5,d_30bcc6c53e
q_61d7d3efa5,d_10c30d1a6c
q_61d7d3efa5,d_fac20a2a71
q_61d7d3efa5,d_d68f4ab7ea
q_63679e1689,d_27974a67a7
q_63679e1689,d_177212b4b9
q_63679e1689,d_f786a55c3e
q_63679e1689,d_083198d02d
q_63679e1689,d_f5245eda62
q_63be7dd95b,d_b2f62b4d48
q_63be7dd95b,d_249622c773
q_63be7dd95b,d_c43cad7282
q_63be7dd95b,d_8df79c0571
q_63be7dd95b,d_8242b4ea41
q_659bc5f22d,d_d68f4ab7ea
q_659bc5f22d,d_c6069f8aaf
q_659bc5f22d,d_fac20a2a71
q_659bc5f22d,d_48b105390f
q_659bc5f22d,d_61e313b506
q_660c4d7394,d_aee4be7cac
q_660c4d7394,d_384357bef5
q_660c4d7394,d_d68f4ab7ea
q_660c4d7394,d_93f6096945
q_660c4d7394,d_3429a1a6eb
q_6653c053c2,d_c6069f8aaf
q_6653c053c2,d_d68f4ab7ea
q_6653c053c2,d_6c8b749b65
q_6653c053c2,d_6c4d07449c
q_6653c053c2,d_b5693161c2
q_688d5dd4eb,d_6c4d07449c
q_688d5dd4eb,d_4a9981e720
q_688d5dd4eb,d_1f74238452
q_688d5dd4eb,d_c24c04ae45
q_688d5dd4eb,d_04ba7f2e18
q_68c397b25c,d_2f76a499e0
q_68c397b25c,d_84772ae936
q_68c397b25c,d_5c33f0e886
q_68c397b25c,d_78a1f6f34e
q_68c397b25c,d_2a93df0cd3
q_68f51eb9f2,d_67a9ff3a20
q_68f51eb9f2,d_f786a55c3e
q_68f51eb9f2,d_1cce586885
q_68f51eb9f2,d_c8ea5907a4
q_68f51eb9f2,d_fac20a2a71
q_6a4cd25395,d_3aab1988d6
q_6a4cd25395,d_80dfac9545
q_6a4cd25395,d_9d7c376f06
q_6a4cd25395,d_fc984e20de
q_6a4cd25395,d_844c0d0725
q_6a5ab7b092,d_d68f4ab7ea
q_6a5ab7b092,d_b2f62b4d48
q_6a5ab7b092,d_ede31c25ba
q_6a5ab7b092,d_8357734cfe
q_6a5ab7b092,d_feb3b27190
q_6aa8df1688,d_b25f50310e
q_6aa8df1688,d_1f74238452
q_6aa8df1688,d_4d31bd4af0
q_6aa8df1688,d_4e77c29dc6
q_6aa8df1688,d_72fb6411f0
q_6b592e1721,d_f8787907b3
q_6b592e1721,d_ba5ca18f99
q_6b592e1721,d_e96752e1fe
q_6b592e1721,d_ba14b433ab
q_6b592e1721,d_647812641b
q_6b643f044c,d_e8a3e8a9f6
q_6b643f044c,d_f5245eda62
q_6b643f044c,d_61e313b506
q_6b643f044c,d_ba5ca18f99
q_6b643f044c,d_30bcc6c53e
q_6c620cdfcc,d_2a93df0cd3
q_6c620cdfcc,d_d0b30d09b3
q_6c620cdfcc,d_84772ae936
q_6c620cdfcc,d_0ef309c085
q_6c620cdfcc,d_2f76a499e0
q_6c6aba45fc,d_c6069f8aaf
q_6c6aba45fc,d_d68f4ab7ea
q_6c6aba45fc,d_b2f62b4d48
q_6c6aba45fc,d_ede31c25ba
q_6c6aba45fc,d_435d80eff0
q_6d2bbeaddc,d_6c8b749b65
q_6d2bbeaddc,d_08a83ffb98
q_6d2bbeaddc,d_647812641b
q_6d2bbeaddc,d_30bcc6c53e
q_6d2bbeaddc,d_25550ee314
q_6fe4d51b84,d_164ac15d17
q_6fe4d51b84,d_f8b2945e8d
q_6fe4d51b84,d_7e1a3c53df
q_6fe4d51b84,d_4e8802e636
q_6fe4d51b84,d_249072edf1
q_6ff730efd6,d_48b105390f
q_6ff730efd6,d_0e189b18aa
q_6ff730efd6,d_61e313b506
q_6ff730efd6,d_08a83ffb98
q_6ff730efd6,d_a3ea97ebfc
q_7106deef4d,d_6c4d07449c
q_7106deef4d,d_70e37b97b5
q_7106deef4d,d_3837ffb996
q_7106deef4d,d_3429a1a6eb
q_7106deef4d,d_a3ea97ebfc
q_741405dd38,d_eb1e8c0b16
q_741405dd38,d_24d4075c2d
q_741405dd38,d_2fd632e362
q_741405dd38,d_aaff628b82
q_741405dd38,d_ffde001b87
q_7465db3161,d_8fbf57d7ce
q_7465db3161,d_615ceb0fcb
q_7465db3161,d_e96752e1fe
q_7465db3161,d_0216234592
q_7465db3161,d_58f5048e9c
q_74b8864b3f,d_8df79c0571
q_74b8864b3f,d_8357734cfe
q_74b8864b3f,d_10c30d1a6c
q_74b8864b3f,d_c965cc1c03
q_74b8864b3f,d_083198d02d
q_74ccd49bbd,d_6090bc3aeb
q_74ccd49bbd,d_864ea6a455
q_74ccd49bbd,d_d0b30d09b3
q_74ccd49bbd,d_fb0f7e9797
q_74ccd49bbd,d_8c0aaf2600
q_75309964a5,d_1e525dd61f
q_75309964a5,d_2827d40fb0
q_75309964a5,d_3b103df4b8
q_75309964a5,d_874e7445b2
q_75309964a5,d_c24c04ae45
q_75436abe28,d_d68f4ab7ea
q_75436abe28,d_c6069f8aaf
q_75436abe28,d_6c8b749b65
q_75436abe28,d_70e37b97b5
q_75436abe28,d_a3ea97ebfc
q_76151db2ff,d_b25f50310e
q_76151db2ff,d_a9a59816ed
q_76151db2ff,d_1f74238452
q_76151db2ff,d_4d31bd4af0
q_76151db2ff,d_c24c04ae45
q_7628f58483,d_c43cad7282
q_7628f58483,d_de01daec14
q_7628f58483,d_f5245eda62
q_7628f58483,d_f8787907b3
q_7628f58483,d_249072edf1
q_763f0aa646,d_d68f4ab7ea
q_763f0aa646,d_c6069f8aaf
q_763f0aa646,d_fac20a2a71
q_763f0aa646,d_c965cc1c03
q_763f0aa646,d_a060a0b568
q_77aedbf292,d_721df03545
q_77aedbf292,d_40fbbf0fca
q_77aedbf292,d_2696b56a1c
q_77aedbf292,d_f8b2945e8d
q_77aedbf292,d_dd87e5ff2d
q_7880881c42,d_8a5468809e
q_7880881c42,d_61c2d77c65
q_7880881c42,d_1f74238452
q_7880881c42,d_864ea6a455
q_7880881c42,d_0216234592
q_7af589752e,d_b25f50310e
q_7af589752e,d_435d80eff0
q_7af589752e,d_8242b4ea41
q_7af589752e,d_647812641b
q_7af589752e,d_72fb6411f0
q_7b1f1cfcc4,d_f687b4ecee
q_7b1f1cfcc4,d_38f04ea58d
q_7b1f1cfcc4,d_46e687baa4
q_7b1f1cfcc4,d_f04703dac6
q_7b1f1cfcc4,d_6271360f48
q_7e7d65485f,d_87849c8689
q_7e7d65485f,d_f5d1f4d96b
q_7e7d65485f,d_5e801f8663
q_7e7d65485f,d_96ddd2839e
q_7e7d65485f,d_4e8802e636
q_7eb1889589,d_e84594b7e4
q_7eb1889589,d_104c8f7c08
q_7eb1889589,d_34971d5c95
q_7eb1889589,d_584584141d
q_7eb1889589,d_fe79ac9d04
q_80a3c28021,d_9697d8c629
q_80a3c28021,d_2d7e346926
q_80a3c28021,d_531c852674
q_80a3c28021,d_c43cad7282
q_80a3c28021,d_f5245eda62
q_81d075019a,d_93f6096945
q_81d075019a,d_c965cc1c03
q_81d075019a,d_08a83ffb98
q_81d075019a,d_aee4be7cac
q_81d075019a,d_feb3b27190
q_8221693125,d_ba5ca18f99
q_8221693125,d_de01daec14
q_8221693125,d_f8787907b3
q_8221693125,d_fb0f7e9797
q_8221693125,d_b5693161c2
q_8319da06a6,d_d68f4ab7ea
q_8319da06a6,d_2c14115663
q_8319da06a6,d_2d7e346926
q_8319da06a6,d_1e525dd61f
q_8319da06a6,d_2827d40fb0
q_837f3eae01,d_d2b0affef7
q_837f3eae01,d_e418fd6561
q_837f3eae01,d_6d053161ab
q_837f3eae01,d_ca79b1b741
q_837f3eae01,d_647812641b
q_85347119e4,d_e5a8c96f07
q_85347119e4,d_4e8802e636
q_85347119e4,d_80dfac9545
q_85347119e4,d_164ac15d17
q_85347119e4,d_dec756449e
q_85a26aff00,d_2a93df0cd3
q_85a26aff00,d_3efc43e2bf
q_85a26aff00,d_2cc23d9a19
q_85a26aff00,d_ffde001b87
q_85a26aff00,d_289c761157
q_86101381be,d_70e37b97b5
q_86101381be,d_d68f4ab7ea
q_86101381be,d_c6069f8aaf
q_86101381be,d_c10a29351e
q_86101381be,d_f786a55c3e
q_8659d7a734,d_70e37b97b5
q_8659d7a734,d_6c8b749b65
q_8659d7a734,d_c6069f8aaf
q_8659d7a734,d_0e189b18aa
q_8659d7a734,d_d68f4ab7ea
q_87226f703a,d_f8b2945e8d
q_87226f703a,d_40fbbf0fca
q_87226f703a,d_68644240fa
q_87226f703a,d_7e1a3c53df
q_87226f703a,d_4754c12753
q_8723c1494b,d_25550ee314
q_8723c1494b,d_10c30d1a6c
q_8723c1494b,d_8df79c0571
q_8723c1494b,d_c6069f8aaf
q_8723c1494b,d_93f6096945
q_87ef90f271,d_721df03545
q_87ef90f271,d_e96752e1fe
q_87ef90f271,d_615ceb0fcb
q_87ef90f271,d_0216234592
q_87ef90f271,d_8fbf57d7ce
q_8892c3829e,d_5e801f8663
q_8892c3829e,d_b74758c0fc
q_8892c3829e,d_96ddd2839e
q_8892c3829e,d_78a1f6f34e
q_8892c3829e,d_7e1a3c53df
q_89244eeff0,d_72fb6411f0
q_89244eeff0,d_531c852674
q_89244eeff0,d_04ba7f2e18
q_89244eeff0,d_c43cad7282
q_89244eeff0,d_6c4d07449c
q_897a22c66f,d_2696b56a1c
q_897a22c66f,d_721df03545
q_897a22c66f,d_dd87e5ff2d
q_897a22c66f,d_f8b2945e8d
q_897a22c66f,d_80dfac9545
q_8a9ceefa7d,d_dd87e5ff2d
q_8a9ceefa7d,d_721df03545
q_8a9ceefa7d,d_f8b2945e8d
q_8a9ceefa7d,d_2696b56a1c
q_8a9ceefa7d,d_03bee6a656
q_8b14732d6c,d_c6069f8aaf
q_8b14732d6c,d_d68f4ab7ea
q_8b14732d6c,d_0e189b18aa
q_8b14732d6c,d_70e37b97b5
q_8b14732d6c,d_3837ffb996
q_8b70a577bb,d_9d7c376f06
q_8b70a577bb,d_bd1d2895ab
q_8b70a577bb,d_c065d84a6b
q_8b70a577bb,d_943e25b499
q_8b70a577bb,d_d4e7d0381b
q_8c4d40c63b,d_2a93df0cd3
q_8c4d40c63b,d_10a96e4ee5
q_8c4d40c63b,d_609e75c97a
q_8c4d40c63b,d_67a9ff3a20
q_8c4d40c63b,d_b74758c0fc
q_8c814d99b0,d_8357734cfe
q_8c814d99b0,d_7f3cc579a7
q_8c814d99b0,d_fac20a2a71
q_8c814d99b0,d_a3ea97ebfc
q_8c814d99b0,d_0e189b18aa
q_8c90eb7f9b,d_8357734cfe
q_8c90eb7f9b,d_27974a67a7
q_8c90eb7f9b,d_b2f62b4d48
q_8c90eb7f9b,d_b25f50310e
q_8c90eb7f9b,d_aee4be7cac
q_8d4d8a4155,d_fe79ac9d04
q_8d4d8a4155,d_e84594b7e4
q_8d4d8a4155,d_24d4075c2d
q_8d4d8a4155,d_ec69499084
q_8d4d8a4155,d_289c761157
q_8dbfed14b3,d_3429a1a6eb
q_8dbfed14b3,d_25550ee314
q_8dbfed14b3,d_48b105390f
q_8dbfed14b3,d_61e313b506
q_8dbfed14b3,d_a99e2c01f3
q_8e310f56cd,d_ce94f32ecd
q_8e310f56cd,d_9697d8c629
q_8e310f56cd,d_2d7e346926
q_8e310f56cd,d_57e93fc894
q_8e310f56cd,d_96ddd2839e
q_8ef19770eb,d_a39559a85e
q_8ef19770eb,d_8df79c0571
q_8ef19770eb,d_346e3b3d50
q_8ef19770eb,d_f8787907b3
q_8ef19770eb,d_7f3cc579a7
q_8f039df1fd,d_721df03545
q_8f039df1fd,d_f8b2945e8d
q_8f039df1fd,d_dec756449e
q_8f039df1fd,d_96ddd2839e
q_8f039df1fd,d_7ca81d60bb
q_8fa3eec1ac,d_dd87e5ff2d
q_8fa3eec1ac,d_66ca9ede7e
q_8fa3eec1ac,d_4e8802e636
q_8fa3eec1ac,d_721df03545
q_8fa3eec1ac,d_96ddd2839e
q_91122fd81e,d_61c2d77c65
q_91122fd81e,d_58f5048e9c
q_91122fd81e,d_0216234592
q_91122fd81e,d_e96752e1fe
q_91122fd81e,d_615ceb0fcb
q_916205338d,d_c965cc1c03
q_916205338d,d_feb3b27190
q_916205338d,d_1cce586885
q_916205338d,d_93f6096945
q_916205338d,d_384357bef5
q_920a36fe22,d_721df03545
q_920a36fe22,d_40fbbf0fca
q_920a36fe22,d_fba8d61ef9
q_920a36fe22,d_68874c6ad6
q_920a36fe22,d_68644240fa
q_924d750161,d_435d80eff0
q_924d750161,d_c10a29351e
q_924d750161,d_30bcc6c53e
q_924d750161,d_531c852674
q_924d750161,d_cc4fd16867
q_92940ed0ff,d_ce94f32ecd
q_92940ed0ff,d_39fd780536
q_92940ed0ff,d_2d7e346926
q_92940ed0ff,d_9697d8c629
q_92940ed0ff,d_3d8e1ad86f
q_92b69b64e7,d_d68f4ab7ea
q_92b69b64e7,d_c6069f8aaf
q_92b69b64e7,d_fac20a2a71
q_92b69b64e7,d_67a9ff3a20
q_92b69b64e7,d_96ddd2839e
q_92bc466e9e,d_2d7e346926
q_92bc466e9e,d_ce94f32ecd
q_92bc466e9e,d_9697d8c629
q_92bc466e9e,d_10c30d1a6c
q_92bc466e9e,d_39fd780536
q_935ab54eed,d_dddbfcbb0d
q_935ab54eed,d_042855d664
q_935ab54eed,d_7c2cf5c4b0
q_935ab54eed,d_aa3d2b0582
q_935ab54eed,d_139cbe76a6
q_958dccf55d,d_249072edf1
q_958dccf55d,d_2696b56a1c
q_958dccf55d,d_8fbf57d7ce
q_958dccf55d,d_c8ea5907a4
q_958dccf55d,d_998d99a4b7
q_95d079c924,d_3b103df4b8
q_95d079c924,d_874e7445b2
q_95d079c924,d_74af7b613e
q_95d079c924,d_2827d40fb0
q_95d079c924,d_4a9981e720
q_98c52e4d1c,d_61c2d77c65
q_98c52e4d1c,d_0216234592
q_98c52e4d1c,d_58f5048e9c
q_98c52e4d1c,d_8a5468809e
q_98c52e4d1c,d_c8ea5907a4
q_9a55c125fc,d_9697d8c629
q_9a55c125fc,d_249622c773
q_9a55c125fc,d_b5693161c2
q_9a55c125fc,d_2492468540
q_9a55c125fc,d_b2f62b4d48
q_9a7e81165f,d_93f6096945
q_9a7e81165f,d_c43cad7282
q_9a7e81165f,d_f786a55c3e
q_9a7e81165f,d_70e37b97b5
q_9a7e81165f,d_06ec9a20c4
q_9cdef9a470,d_f8b2945e8d
q_9cdef9a470,d_d0b30d09b3
q_9cdef9a470,d_c8ea5907a4
q_9cdef9a470,d_8fbf57d7ce
q_9cdef9a470,d_10c30d1a6c
q_9d8a46177a,d_61c2d77c65
q_9d8a46177a,d_0216234592
q_9d8a46177a,d_58f5048e9c
q_9d8a46177a,d_c08928b4cc
q_9d8a46177a,d_8fbf57d7ce
q_9db0d94de9,d_a9a59816ed
q_9db0d94de9,d_8357734cfe
q_9db0d94de9,d_c24c04ae45
q_9db0d94de9,d_3837ffb996
q_9db0d94de9,d_4a9981e720
q_9de73957c3,d_8242b4ea41
q_9de73957c3,d_9697d8c629
q_9de73957c3,d_e8a3e8a9f6
q_9de73957c3,d_70e37b97b5
q_9de73957c3,d_346e3b3d50
q_9e50cf4164,d_eb1e8c0b16
q_9e50cf4164,d_089dba84fa
q_9e50cf4164,d_b29bd3c757
q_9e50cf4164,d_8a437030fb
q_9e50cf4164,d_ec1ea023bd
q_a05adafb03,d_083198d02d
q_a05adafb03,d_531c852674
q_a05adafb03,d_8df79c0571
q_a05adafb03,d_1e525dd61f
q_a05adafb03,d_2c14115663
q_a09f4be04e,d_615ceb0fcb
q_a09f4be04e,d_0216234592
q_a09f4be04e,d_8fbf57d7ce
q_a09f4be04e,d_58f5048e9c
q_a09f4be04e,d_61c2d77c65
q_a0a7ddd9bd,d_30bcc6c53e
q_a0a7ddd9bd,d_dd8bca0bb0
q_a0a7ddd9bd,d_0e189b18aa
q_a0a7ddd9bd,d_3837ffb996
q_a0a7ddd9bd,d_6c4d07449c
q_a10b70c774,d_58f5048e9c
q_a10b70c774,d_eb1e8c0b16
q_a10b70c774,d_089dba84fa
q_a10b70c774,d_da27422935
q_a10b70c774,d_327a0b5456
q_a1f8448ab2,d_48fa1cfb1b
q_a1f8448ab2,d_b25f50310e
q_a1f8448ab2,d_a060a0b568
q_a1f8448ab2,d_0e189b18aa
q_a1f8448ab2,d_842b2d8316
q_a3289a5943,d_3b12d1fbd6
q_a3289a5943,d_ba5ca18f99
q_a3289a5943,d_4d31bd4af0
q_a3289a5943,d_c43cad7282
q_a3289a5943,d_4e77c29dc6
q_a3bae8a341,d_ce94f32ecd
q_a3bae8a341,d_2d7e346926
q_a3bae8a341,d_2eea1a7eec
q_a3bae8a341,d_9697d8c629
q_a3bae8a341,d_10c30d1a6c
q_a54b01c212,d_a2396e3241
q_a54b01c212,d_6dfb80afe3
q_a54b01c212,d_78a1f6f34e
q_a54b01c212,d_f8b2945e8d
q_a54b01c212,d_4e8802e636
q_a5af951077,d_2696b56a1c
q_a5af951077,d_68874c6ad6
q_a5af951077,d_721df03545
q_a5af951077,d_8b90552773
q_a5af951077,d_f5d1f4d96b
q_a6ee578a69,d_1f74238452
q_a6ee578a69,d_4d31bd4af0
q_a6ee578a69,d_cc4fd16867
q_a6ee578a69,d_04ba7f2e18
q_a6ee578a69,d_6c4d07449c
q_a76a42e67b,d_c6069f8aaf
q_a76a42e67b,d_0e189b18aa
q_a76a42e67b,d_d68f4ab7ea
q_a76a42e67b,d_70e37b97b5
q_a76a42e67b,d_177212b4b9
q_a77409afb9,d_f8b2945e8d
q_a77409afb9,d_721df03545
q_a77409afb9,d_8b90552773
q_a77409afb9,d_40fbbf0fca
q_a77409afb9,d_7ca81d60bb
q_a930eaebdb,d_8df79c0571
q_a930eaebdb,d_584584141d
q_a930eaebdb,d_fb0f7e9797
q_a930eaebdb,d_c10a29351e
q_a930eaebdb,d_10c30d1a6c
q_a94734c54e,d_9697d8c629
q_a94734c54e,d_3d8e1ad86f
q_a94734c54e,d_2d7e346926
q_a94734c54e,d_10c30d1a6c
q_a94734c54e,d_39fd780536
q_a9ebe48bb4,d_eea187fa40
q_a9ebe48bb4,d_6b1d2d1545
q_a9ebe48bb4,d_82920965db
q_a9ebe48bb4,d_aacde75c02
q_a9ebe48bb4,d_48f9172a14
q_aaa48facd1,d_cc4fd16867
q_aaa48facd1,d_61e313b506
q_aaa48facd1,d_435d80eff0
q_aaa48facd1,d_48b105390f
q_aaa48facd1,d_20bb12859e
q_abd64de1b2,d_cc4fd16867
q_abd64de1b2,d_4d31bd4af0
q_abd64de1b2,d_6c4d07449c
q_abd64de1b2,d_4e77c29dc6
q_abd64de1b2,d_b25f50310e
q_ac3ad6044e,d_6c8b749b65
q_ac3ad6044e,d_fb0f7e9797
q_ac3ad6044e,d_d68f4ab7ea
q_ac3ad6044e,d_61e313b506
q_ac3ad6044e,d_c6069f8aaf
q_ac79620ead,d_f8b2945e8d
q_ac79620ead,d_2696b56a1c
q_ac79620ead,d_721df03545
q_ac79620ead,d_5e801f8663
q_ac79620ead,d_f5d1f4d96b
q_ae9804b763,d_70e37b97b5
q_ae9804b763,d_8242b4ea41
q_ae9804b763,d_3429a1a6eb
q_ae9804b763,d_0e189b18aa
q_ae9804b763,d_72fb6411f0
q_aeccfabcff,d_3429a1a6eb
q_aeccfabcff,d_2827d40fb0
q_aeccfabcff,d_0e189b18aa
q_aeccfabcff,d_3b103df4b8
q_aeccfabcff,d_874e7445b2
q_af15c9c080,d_1f74238452
q_af15c9c080,d_4e77c29dc6
q_af15c9c080,d_4d31bd4af0
q_af15c9c080,d_04ba7f2e18
q_af15c9c080,d_b25f50310e
q_b00b42a668,d_f9572383d4
q_b00b42a668,d_5964750803
q_b00b42a668,d_04962ca9ed
q_b00b42a668,d_6b1d2d1545
q_b00b42a668,d_59010427c0
q_b05c6d2289,d_48b105390f
q_b05c6d2289,d_61e313b506
q_b05c6d2289,d_d68f4ab7ea
q_b05c6d2289,d_2c14115663
q_b05c6d2289,d_2827d40fb0
q_b07a41dddf,d_ce94f32ecd
q_b07a41dddf,d_39fd780536
q_b07a41dddf,d_f5d1f4d96b
q_b07a41dddf,d_3d8e1ad86f
q_b07a41dddf,d_2d7e346926
q_b122797c70,d_7f3cc579a7
q_b122797c70,d_2e1da709f9
q_b122797c70,d_8df79c0571
q_b122797c70,d_b25f50310e
q_b122797c70,d_20bb12859e
q_b1976e946c,d_40fbbf0fca
q_b1976e946c,d_68874c6ad6
q_b1976e946c,d_2696b56a1c
q_b1976e946c,d_f8b2945e8d
q_b1976e946c,d_721df03545
q_b1bc5e74c3,d_8df79c0571
q_b1bc5e74c3,d_083198d02d
q_b1bc5e74c3,d_27974a67a7
q_b1bc5e74c3,d_7f3cc579a7
q_b1bc5e74c3,d_2e1da709f9
q_b1cafa0d9b,d_089dba84fa
q_b1cafa0d9b,d_eb1e8c0b16
q_b1cafa0d9b,d_fd6cde9283
q_b1cafa0d9b,d_fc984e20de
q_b1cafa0d9b,d_21b7af6f8f
q_b1f89c69aa,d_61586847b7
q_b1f89c69aa,d_0e189b18aa
q_b1f89c69aa,d_cc4fd16867
q_b1f89c69aa,d_08a83ffb98
q_b1f89c69aa,d_c43cad7282
q_b4b4e4f0e3,d_96ddd2839e
q_b4b4e4f0e3,d_4e8802e636
q_b4b4e4f0e3,d_66ca9ede7e
q_b4b4e4f0e3,d_dec756449e
q_b4b4e4f0e3,d_a9dbfdbe77
q_b57ae3f9b9,d_f8b2945e8d
q_b57ae3f9b9,d_4830ff4c3b
q_b57ae3f9b9,d_7606b52185
q_b57ae3f9b9,d_844c0d0725
q_b57ae3f9b9,d_fd13e8a601
q_b91ec450fb,d_4d31bd4af0
q_b91ec450fb,d_4e77c29dc6
q_b91ec450fb,d_c24c04ae45
q_b91ec450fb,d_4a9981e720
q_b91ec450fb,d_1f74238452
q_b935bfe484,d_30bcc6c53e
q_b935bfe484,d_27974a67a7
q_b935bfe484,d_177212b4b9
q_b935bfe484,d_7f3cc579a7
q_b935bfe484,d_083198d02d
q_b97c4706f5,d_c10a29351e
q_b97c4706f5,d_c965cc1c03
q_b97c4706f5,d_ba5ca18f99
q_b97c4706f5,d_f786a55c3e
q_b97c4706f5,d_feb3b27190
q_ba6598bced,d_af7e1ac3a5
q_ba6598bced,d_2696b56a1c
q_ba6598bced,d_40fbbf0fca
q_ba6598bced,d_68874c6ad6
q_ba6598bced,d_435d80eff0
q_bb2bbff5d4,d_9697d8c629
q_bb2bbff5d4,d_aee4be7cac
q_bb2bbff5d4,d_d235ca1c7e
q_bb2bbff5d4,d_1cce586885
q_bb2bbff5d4,d_f786a55c3e
q_bce0cb62d1,d_6c8b749b65
q_bce0cb62d1,d_fb0f7e9797
q_bce0cb62d1,d_e8a3e8a9f6
q_bce0cb62d1,d_b5693161c2
q_bce0cb62d1,d_647812641b
q_bdbbb95e5b,d_2fd632e362
q_bdbbb95e5b,d_e84594b7e4
q_bdbbb95e5b,d_aacde75c02
q_bdbbb95e5b,d_d024166acd
q_bdbbb95e5b,d_ac4d888b6d
q_c0db7a9a56,d_164ac15d17
q_c0db7a9a56,d_96ddd2839e
q_c0db7a9a56,d_66ca9ede7e
q_c0db7a9a56,d_f5d1f4d96b
q_c0db7a9a56,d_dec756449e
q_c2e26adc84,d_3aab1988d6
q_c2e26adc84,d_133dd38ad0
q_c2e26adc84,d_25f9900ee0
q_c2e26adc84,d_938c334349
q_c2e26adc84,d_3cbe8203c0
q_c47130d60c,d_3429a1a6eb
q_c47130d60c,d_6c4d07449c
q_c47130d60c,d_fb0f7e9797
q_c47130d60c,d_3837ffb996
q_c47130d60c,d_615ceb0fcb
q_c56fdba2fc,d_39fd780536
q_c56fdba2fc,d_3d8e1ad86f
q_c56fdba2fc,d_ce94f32ecd
q_c56fdba2fc,d_c43cad7282
q_c56fdba2fc,d_2eea1a7eec
q_c60d23eab8,d_72fb6411f0
q_c60d23eab8,d_0e189b18aa
q_c60d23eab8,d_3837ffb996
q_c60d23eab8,d_fba8d61ef9
q_c60d23eab8,d_08821d81f8
q_c629245a8c,d_e96752e1fe
q_c629245a8c,d_7a75d1b6d8
q_c629245a8c,d_8fbf57d7ce
q_c629245a8c,d_0216234592
q_c629245a8c,d_998d99a4b7
q_c693d95d02,d_a20a0bcbec
q_c693d95d02,d_6fb615c97a
q_c693d95d02,d_e6e8519a81
q_c693d95d02,d_f4be1821de
q_c693d95d02,d_1e00ed8656
q_c6c881afd3,d_4a9981e720
q_c6c881afd3,d_6c4d07449c
q_c6c881afd3,d_c24c04ae45
q_c6c881afd3,d_4e77c29dc6
q_c6c881afd3,d_3837ffb996
q_c742196f19,d_24d4075c2d
q_c742196f19,d_c41e68a62e
q_c742196f19,d_287d9fae6e
q_c742196f19,d_ab05f51d1f
q_c742196f19,d_8c0aaf2600
q_c7748fe5a3,d_25550ee314
q_c7748fe5a3,d_3429a1a6eb
q_c7748fe5a3,d_c6069f8aaf
q_c7748fe5a3,d_48b105390f
q_c7748fe5a3,d_70e37b97b5
q_c7a2a46e5f,d_04ba7f2e18
q_c7a2a46e5f,d_6c4d07449c
q_c7a2a46e5f,d_531c852674
q_c7a2a46e5f,d_c43cad7282
q_c7a2a46e5f,d_72fb6411f0
q_c83eb1a3c6,d_04ba7f2e18
q_c83eb1a3c6,d_6c4d07449c
q_c83eb1a3c6,d_531c852674
q_c83eb1a3c6,d_cc4fd16867
q_c83eb1a3c6,d_1f74238452
q_cb56bb82ba,d_721df03545
q_cb56bb82ba,d_40fbbf0fca
q_cb56bb82ba,d_dd87e5ff2d
q_cb56bb82ba,d_f8b2945e8d
q_cb56bb82ba,d_f5d1f4d96b
q_cb82822dbb,d_c24c04ae45
q_cb82822dbb,d_a9a59816ed
q_cb82822dbb,d_4e77c29dc6
q_cb82822dbb,d_4d31bd4af0
q_cb82822dbb,d_1f74238452
q_cba513ed13,d_ba5ca18f99
q_cba513ed13,d_f8787907b3
q_cba513ed13,d_f5245eda62
q_cba513ed13,d_de01daec14
q_cba513ed13,d_c965cc1c03
q_cc8821d9ad,d_c7a07af3d0
q_cc8821d9ad,d_eb1e8c0b16
q_cc8821d9ad,d_089dba84fa
q_cc8821d9ad,d_2c14115663
q_cc8821d9ad,d_2827d40fb0
q_cd2a9738ff,d_58f5048e9c
q_cd2a9738ff,d_8fbf57d7ce
q_cd2a9738ff,d_0216234592
q_cd2a9738ff,d_e96752e1fe
q_cd2a9738ff,d_615ceb0fcb
q_ce520cb7fb,d_6c8b749b65
q_ce520cb7fb,d_ba14b433ab
q_ce520cb7fb,d_fb0f7e9797
q_ce520cb7fb,d_d68f4ab7ea
q_ce520cb7fb,d_c6069f8aaf
q_d0b721ce1f,d_c10a29351e
q_d0b721ce1f,d_c965cc1c03
q_d0b721ce1f,d_48b105390f
q_d0b721ce1f,d_61e313b506
q_d0b721ce1f,d_ba5ca18f99
q_d1fb8ed038,d_c10a29351e
q_d1fb8ed038,d_c965cc1c03
q_d1fb8ed038,d_feb3b27190
q_d1fb8ed038,d_249622c773
q_d1fb8ed038,d_f8787907b3
q_d21eee7466,d_1f74238452
q_d21eee7466,d_c24c04ae45
q_d21eee7466,d_6c4d07449c
q_d21eee7466,d_a9a59816ed
q_d21eee7466,d_4e77c29dc6
q_d24a86a08c,d_48b105390f
q_d24a86a08c,d_a3ea97ebfc
q_d24a86a08c,d_ce94f32ecd
q_d24a86a08c,d_70e37b97b5
q_d24a86a08c,d_0e189b18aa
q_d270940960,d_0e189b18aa
q_d270940960,d_e8a3e8a9f6
q_d270940960,d_435d80eff0
q_d270940960,d_7f3cc579a7
q_d270940960,d_d68f4ab7ea
q_d2728921e0,d_d85afb9609
q_d2728921e0,d_c8ea5907a4
q_d2728921e0,d_531c852674
q_d2728921e0,d_8357734cfe
q_d2728921e0,d_615ceb0fcb
q_d33a11cbc5,d_ce94f32ecd
q_d33a11cbc5,d_f5d1f4d96b
q_d33a11cbc5,d_39fd780536
q_d33a11cbc5,d_a9dbfdbe77
q_d33a11cbc5,d_a1369d3009
q_d3c226b054,d_cc4fd16867
q_d3c226b054,d_04ba7f2e18
q_d3c226b054,d_1f74238452
q_d3c226b054,d_4d31bd4af0
q_d3c226b054,d_c43cad7282
q_d3f14d5200,d_d68f4ab7ea
q_d3f14d5200,d_0e189b18aa
q_d3f14d5200,d_c6069f8aaf
q_d3f14d5200,d_6c8b749b65
q_d3f14d5200,d_b2f62b4d48
q_d41481e3c0,d_70e37b97b5
q_d41481e3c0,d_25550ee314
q_d41481e3c0,d_2492468540
q_d41481e3c0,d_8242b4ea41
q_d41481e3c0,d_ba14b433ab
q_d5908d4962,d_f8787907b3
q_d5908d4962,d_3429a1a6eb
q_d5908d4962,d_ce94f32ecd
q_d5908d4962,d_d9c0d381c2
q_d5908d4962,d_0e189b18aa
q_d70cf33278,d_0216234592
q_d70cf33278,d_8fbf57d7ce
q_d70cf33278,d_8a5468809e
q_d70cf33278,d_61c2d77c65
q_d70cf33278,d_58f5048e9c
q_d72774e539,d_58f5048e9c
q_d72774e539,d_8a5468809e
q_d72774e539,d_998d99a4b7
q_d72774e539,d_e96752e1fe
q_d72774e539,d_d85afb9609
q_d770567662,d_2696b56a1c
q_d770567662,d_4e8802e636
q_d770567662,d_fba8d61ef9
q_d770567662,d_68874c6ad6
q_d770567662,d_d58bcac2e4
q_d8b3720f43,d_083198d02d
q_d8b3720f43,d_27974a67a7
q_d8b3720f43,d_8df79c0571
q_d8b3720f43,d_8357734cfe
q_d8b3720f43,d_08a83ffb98
q_d94b3a29c4,d_66ca9ede7e
q_d94b3a29c4,d_a9dbfdbe77
q_d94b3a29c4,d_fba8d61ef9
q_d94b3a29c4,d_164ac15d17
q_d94b3a29c4,d_dec756449e
q_d99da5b254,d_d85afb9609
q_d99da5b254,d_c08928b4cc
q_d99da5b254,d_8a5468809e
q_d99da5b254,d_0216234592
q_d99da5b254,d_58f5048e9c
q_d9dcc68354,d_39fd780536
q_d9dcc68354,d_3d8e1ad86f
q_d9dcc68354,d_9697d8c629
q_d9dcc68354,d_10c30d1a6c
q_d9dcc68354,d_8df79c0571
q_dad8e3b898,d_531c852674
q_dad8e3b898,d_c43cad7282
q_dad8e3b898,d_fac20a2a71
q_dad8e3b898,d_f5245eda62
q_dad8e3b898,d_a060a0b568
q_db2ba85f6e,d_f8b2945e8d
q_db2ba85f6e,d_7e1a3c53df
q_db2ba85f6e,d_164ac15d17
q_db2ba85f6e,d_80dfac9545
q_db2ba85f6e,d_4e8802e636
q_db40577851,d_38f04ea58d
q_db40577851,d_46e687baa4
q_db40577851,d_f04703dac6
q_db40577851,d_7ebe65fe6b
q_db40577851,d_ed1d7dc298
q_db90d2e4a7,d_721df03545
q_db90d2e4a7,d_2696b56a1c
q_db90d2e4a7,d_8b90552773
q_db90d2e4a7,d_68874c6ad6
q_db90d2e4a7,d_7a75d1b6d8
q_dc3f618035,d_61c2d77c65
q_dc3f618035,d_58f5048e9c
q_dc3f618035,d_8a5468809e
q_dc3f618035,d_8fbf57d7ce
q_dc3f618035,d_615ceb0fcb
q_dc727075fb,d_68874c6ad6
q_dc727075fb,d_40fbbf0fca
q_dc727075fb,d_4754c12753
q_dc727075fb,d_fba8d61ef9
q_dc727075fb,d_164ac15d17
q_dde195b1d6,d_2fd632e362
q_dde195b1d6,d_f687b4ecee
q_dde195b1d6,d_38f04ea58d
q_dde195b1d6,d_46e687baa4
q_dde195b1d6,d_f04703dac6
q_ddf07be7f1,d_f7409819ca
q_ddf07be7f1,d_2827d40fb0
q_ddf07be7f1,d_c24c04ae45
q_ddf07be7f1,d_346e3b3d50
q_ddf07be7f1,d_48b105390f
q_df9d12f169,d_b2f62b4d48
q_df9d12f169,d_ede31c25ba
q_df9d12f169,d_61586847b7
q_df9d12f169,d_8357734cfe
q_df9d12f169,d_c965cc1c03
q_e120dec89d,d_48fa1cfb1b
q_e120dec89d,d_4d31bd4af0
q_e120dec89d,d_6c8b749b65
q_e120dec89d,d_10c30d1a6c
q_e120dec89d,d_ba14b433ab
q_e1eef1e6ff,d_289c761157
q_e1eef1e6ff,d_fe79ac9d04
q_e1eef1e6ff,d_e84594b7e4
q_e1eef1e6ff,d_104c8f7c08
q_e1eef1e6ff,d_584584141d
q_e226438cc2,d_4e77c29dc6
q_e226438cc2,d_c43cad7282
q_e226438cc2,d_531c852674
q_e226438cc2,d_04ba7f2e18
q_e226438cc2,d_1f74238452
q_e24279f61e,d_61e313b506
q_e24279f61e,d_48b105390f
q_e24279f61e,d_6c4d07449c
q_e24279f61e,d_67a9ff3a20
q_e24279f61e,d_21e0ba1f08
q_e26122b15f,d_956682cc66
q_e26122b15f,d_b33fcee2c6
q_e26122b15f,d_177212b4b9
q_e26122b15f,d_de01daec14
q_e26122b15f,d_58f5048e9c
q_e347d40673,d_0e189b18aa
q_e347d40673,d_3429a1a6eb
q_e347d40673,d_2827d40fb0
q_e347d40673,d_74af7b613e
q_e347d40673,d_3b103df4b8
q_e3b3b5b950,d_ce94f32ecd
q_e3b3b5b950,d_3d8e1ad86f
q_e3b3b5b950,d_39fd780536
q_e3b3b5b950,d_9697d8c629
q_e3b3b5b950,d_2d7e346926
q_e4b15d0b61,d_25550ee314
q_e4b15d0b61,d_70e37b97b5
q_e4b15d0b61,d_9697d8c629
q_e4b15d0b61,d_b2f62b4d48
q_e4b15d0b61,d_ce94f32ecd
q_e7686b6a10,d_2fd632e362
q_e7686b6a10,d_c41e68a62e
q_e7686b6a10,d_6b1d2d1545
q_e7686b6a10,d_0570687d63
q_e7686b6a10,d_fe79ac9d04
q_e81733335b,d_38f04ea58d
q_e81733335b,d_46e687baa4
q_e81733335b,d_f04703dac6
q_e81733335b,d_f687b4ecee
q_e81733335b,d_7ebe65fe6b
q_e88f2e7044,d_b2f62b4d48
q_e88f2e7044,d_08a83ffb98
q_e88f2e7044,d_61586847b7
q_e88f2e7044,d_04ba7f2e18
q_e88f2e7044,d_cc4fd16867
q_e97fa42d53,d_61e313b506
q_e97fa42d53,d_48b105390f
q_e97fa42d53,d_f7409819ca
q_e97fa42d53,d_d235ca1c7e
q_e97fa42d53,d_08a83ffb98
q_e9a3e92d94,d_d85afb9609
q_e9a3e92d94,d_e96752e1fe
q_e9a3e92d94,d_c08928b4cc
q_e9a3e92d94,d_8fbf57d7ce
q_e9a3e92d94,d_b33fcee2c6
q_e9f0248a21,d_d68f4ab7ea
q_e9f0248a21,d_27974a67a7
q_e9f0248a21,d_48fa1cfb1b
q_e9f0248a21,d_20bb12859e
q_e9f0248a21,d_168537aacb
q_ebfa8f8fe0,d_1f74238452
q_ebfa8f8fe0,d_4e77c29dc6
q_ebfa8f8fe0,d_4d31bd4af0
q_ebfa8f8fe0,d_b25f50310e
q_ebfa8f8fe0,d_c24c04ae45
q_eda0054641,d_c6069f8aaf
q_eda0054641,d_d68f4ab7ea
q_eda0054641,d_2e1da709f9
q_eda0054641,d_30bcc6c53e
q_eda0054641,d_1cce586885
q_edfaffc32f,d_24d4075c2d
q_edfaffc32f,d_c8c660f62c
q_edfaffc32f,d_439bec7aae
q_edfaffc32f,d_133dd38ad0
q_edfaffc32f,d_25f9900ee0
q_ee62376190,d_ce94f32ecd
q_ee62376190,d_fba8d61ef9
q_ee62376190,d_57e93fc894
q_ee62376190,d_96ddd2839e
q_ee62376190,d_04962ca9ed
q_eeae449be5,d_5e801f8663
q_eeae449be5,d_7ca81d60bb
q_eeae449be5,d_721df03545
q_eeae449be5,d_80dfac9545
q_eeae449be5,d_7e1a3c53df
q_ef6c1aafcb,d_f5d1f4d96b
q_ef6c1aafcb,d_40fbbf0fca
q_ef6c1aafcb,d_68644240fa
q_ef6c1aafcb,d_f8b2945e8d
q_ef6c1aafcb,d_fba8d61ef9
q_ef724b3bb4,d_c24c04ae45
q_ef724b3bb4,d_4d31bd4af0
q_ef724b3bb4,d_1f74238452
q_ef724b3bb4,d_4e77c29dc6
q_ef724b3bb4,d_4a9981e720
q_f099bdb15d,d_61e313b506
q_f099bdb15d,d_48b105390f
q_f099bdb15d,d_0e189b18aa
q_f099bdb15d,d_67a9ff3a20
q_f099bdb15d,d_fac20a2a71
q_f0e44a3fd3,d_6c8b749b65
q_f0e44a3fd3,d_fb0f7e9797
q_f0e44a3fd3,d_647812641b
q_f0e44a3fd3,d_b5693161c2
q_f0e44a3fd3,d_346e3b3d50
q_f24f305830,d_66ca9ede7e
q_f24f305830,d_fba8d61ef9
q_f24f305830,d_dec756449e
q_f24f305830,d_d58bcac2e4
q_f24f305830,d_164ac15d17
q_f25a345668,d_48b105390f
q_f25a345668,d_61e313b506
q_f25a345668,d_435d80eff0
q_f25a345668,d_c24c04ae45
q_f25a345668,d_b25f50310e
q_f27abe47f2,d_85900bc094
q_f27abe47f2,d_8a4c11ed74
q_f27abe47f2,d_eea187fa40
q_f27abe47f2,d_48f9172a14
q_f27abe47f2,d_c065d84a6b
q_f28708d937,d_d58bcac2e4
q_f28708d937,d_f5d1f4d96b
q_f28708d937,d_721df03545
q_f28708d937,d_40fbbf0fca
q_f28708d937,d_f8b2945e8d
q_f2a6816ed9,d_addeb51081
q_f2a6816ed9,d_6c8b749b65
q_f2a6816ed9,d_d68f4ab7ea
q_f2a6816ed9,d_67a9ff3a20
q_f2a6816ed9,d_435d80eff0
q_f3225b975b,d_c43cad7282
q_f3225b975b,d_d68f4ab7ea
q_f3225b975b,d_de01daec14
q_f3225b975b,d_fac20a2a71
q_f3225b975b,d_f5245eda62
q_f341839319,d_6c8b749b65
q_f341839319,d_c6069f8aaf
q_f341839319,d_27974a67a7
q_f341839319,d_cc4fd16867
q_f341839319,d_8df79c0571
q_f3888c6449,d_20bb12859e
q_f3888c6449,d_27974a67a7
q_f3888c6449,d_d68f4ab7ea
q_f3888c6449,d_48fa1cfb1b
q_f3888c6449,d_a060a0b568
q_f3a9507c36,d_c965cc1c03
q_f3a9507c36,d_c10a29351e
q_f3a9507c36,d_ba5ca18f99
q_f3a9507c36,d_feb3b27190
q_f3a9507c36,d_249622c773
q_f66b307d04,d_c7a07af3d0
q_f66b307d04,d_2492468540
q_f66b307d04,d_d68f4ab7ea
q_f66b307d04,d_4dfa4ed962
q_f66b307d04,d_98e4903f86
q_f6e34252d3,d_c965cc1c03
q_f6e34252d3,d_384357bef5
q_f6e34252d3,d_feb3b27190
q_f6e34252d3,d_c24c04ae45
q_f6e34252d3,d_a3ea97ebfc
q_f7e4569ac9,d_1f74238452
q_f7e4569ac9,d_c24c04ae45
q_f7e4569ac9,d_4d31bd4af0
q_f7e4569ac9,d_4e77c29dc6
q_f7e4569ac9,d_b25f50310e
q_f97b13bc98,d_8df79c0571
q_f97b13bc98,d_d68f4ab7ea
q_f97b13bc98,d_de01daec14
q_f97b13bc98,d_27974a67a7
q_f97b13bc98,d_74af7b613e
q_fa578be6b9,d_c10a29351e
q_fa578be6b9,d_c965cc1c03
q_fa578be6b9,d_f786a55c3e
q_fa578be6b9,d_feb3b27190
q_fa578be6b9,d_ba5ca18f99
q_fa8af0f99d,d_dd87e5ff2d
q_fa8af0f99d,d_721df03545
q_fa8af0f99d,d_40fbbf0fca
q_fa8af0f99d,d_7c24dde995
q_fa8af0f99d,d_75c8924365
q_fb8abb8580,d_089dba84fa
q_fb8abb8580,d_eb1e8c0b16
q_fb8abb8580,d_6090bc3aeb
q_fb8abb8580,d_647812641b
q_fb8abb8580,d_249622c773
q_fb96af8603,d_d68f4ab7ea
q_fb96af8603,d_c6069f8aaf
q_fb96af8603,d_0e189b18aa
q_fb96af8603,d_b2f62b4d48
q_fb96af8603,d_6c8b749b65
q_fd17e9f753,d_b5693161c2
q_fd17e9f753,d_6c8b749b65
q_fd17e9f753,d_fb0f7e9797
q_fd17e9f753,d_e8a3e8a9f6
q_fd17e9f753,d_61e313b506
q_fd2479882f,d_39fd780536
q_fd2479882f,d_998d99a4b7
q_fd2479882f,d_a3ea97ebfc
q_fd2479882f,d_6090bc3aeb
q_fd2479882f,d_346e3b3d50
q_fd869f823d,d_58f5048e9c
q_fd869f823d,d_8fbf57d7ce
q_fd869f823d,d_615ceb0fcb
q_fd869f823d,d_61c2d77c65
q_fd869f823d,d_e96752e1fe
q_fda470745d,d_96ddd2839e
q_fda470745d,d_4e8802e636
q_fda470745d,d_a9dbfdbe77
q_fda470745d,d_5e801f8663
q_fda470745d,d_a1369d3009
q_ff49caa8a1,d_439bec7aae
q_ff49caa8a1,d_c8c660f62c
q_ff49caa8a1,d_24d4075c2d
q_ff49caa8a1,d_bcebd4e1c5
q_ff49caa8a1,d_ffde001b87
q_ffb8f8c348,d_b33fcee2c6
q_ffb8f8c348,d_956682cc66
q_ffb8f8c348,d_58f5048e9c
q_ffb8f8c348,d_e96752e1fe
q_ffb8f8c348,d_8fbf57d7ce
